{
    "project_name": "pg_tw_fa_artemis",
    "schema_name": "silver_ps_artemis",
    "migrate": "yes",
    "publish_type": "unity-catalog",
    "das_rls": "no",
    "developer_workflow": "vscode-python",
    "cicd_workflow": "github",
    "environments":"dev,uat,prod",
    "ado_variable_group_name":"",
    "ado_pipeline_name":"databricks-ci-cd-pipeline",
    "ado_environment_staging":"",
    "ado_environment_production":"",
    "dev_workspace":"https://adb-766852671332617.17.azuredatabricks.net",
    "dev_catalog":"cdl_ps_dev",
    "dev_service_principal_name":"0058b39e-da91-435d-8e33-59d807796175",
    "dev_secret_scope":"kv-productsupply-tw-n101",
    "dev_cluster_policy_name": "",
    "dev_instance_pool_name": "",
    "uat_workspace":"https://adb-766852671332617.17.azuredatabricks.net",
    "uat_catalog":"cdl_ps_uat",
    "uat_service_principal_name":"0058b39e-da91-435d-8e33-59d807796175",
    "uat_secret_scope":"kv-productsupply-tw-n101",
    "uat_cluster_policy_name": "",
    "uat_instance_pool_name": "",
    "prod_workspace":"https://adb-5359843294382485.5.azuredatabricks.net",
    "prod_catalog":"cdl_ps_prod",
    "prod_service_principal_name":"13bca182-4b2e-4695-a0fe-ff244d95c17d",
    "prod_secret_scope":"kv-productsupply-tw-p101",
    "prod_cluster_policy_name": "",
    "prod_instance_pool_name": ""
}